[
    {
        "from": 0,
        "to": 1,
        "mu": 5.0,
        "sigma": 0.01
    },
    {
        "from": 0,
        "to": 2,
        "mu": 2.0,
        "sigma": 0.01
    },
    {
        "from": 1,
        "to": 3,
        "mu": 6.2,
        "sigma": 0.01
    },
    {
        "from": 1,
        "to": 4,
        "mu": 6.2,
        "sigma": 0.01
    },
    {
        "from": 2,
        "to": 3,
        "mu": 1.0,
        "sigma": 0.01
    },
    
    {
        "from": 3,
        "to": 5,
        "mu": 0.3,
        "sigma": 0.01
    },
    {
        "from": 4,
        "to": 5,
        "mu": 4.2,
        "sigma": 0.01
    }

]